﻿<?xml version="1.0"?>
<doc>
<assembly>
<name>
sw3
</name>
</assembly>
<members>
<member name="P:sw3.My.Resources.Resources.ResourceManager">
	<summary>
  返回此类使用的缓存的 ResourceManager 实例。
</summary>
</member><member name="P:sw3.My.Resources.Resources.Culture">
	<summary>
  使用此强类型资源类，为所有资源查找
  重写当前线程的 CurrentUICulture 属性。
</summary>
</member><member name="P:sw3.My.Resources.Resources.imag2">
	<summary>
  查找 System.Drawing.Bitmap 类型的本地化资源。
</summary>
</member><member name="T:sw3.My.Resources.Resources">
	<summary>
  一个强类型的资源类，用于查找本地化的字符串等。
</summary>
</member>
</members>
</doc>